Grism calibration created 2021/11/18 using Iowa Robotic Telescope, SBIG Aluma AC4, Filter: 8
3.599e-02, -1.586e-08, 4.557e-05, 1.525e-01, 3.883e+02
1048, 2848, 1993, 2013
388.31 759.5275
388.46 763.3005
388.61 767.1584
388.77 771.1004
388.92 775.1253
389.07 779.2321
389.22 783.4197
389.38 787.6871
389.53 792.0332
389.68 796.4570
389.84 800.9576
389.99 805.5337
390.14 810.1846
390.30 814.9092
390.45 819.7064
390.60 824.5754
390.76 829.5151
390.91 834.5245
391.07 839.6027
391.22 844.7489
391.37 849.9619
391.53 855.2408
391.68 860.5848
391.84 865.9930
391.99 871.4643
392.15 876.9979
392.30 882.5929
392.46 888.2484
392.61 893.9635
392.77 899.7373
392.92 905.5690
393.08 911.4577
393.23 917.4025
393.39 923.4026
393.54 929.4571
393.70 935.5652
393.85 941.7261
394.01 947.9389
394.17 954.2029
394.32 960.5172
394.48 966.8810
394.63 973.2936
394.79 979.7541
394.95 986.2617
395.10 992.8158
395.26 999.4155
395.42 1006.0600
395.57 1012.7487
395.73 1019.4807
395.89 1026.2554
396.04 1033.0719
396.20 1039.9296
396.36 1046.8278
396.51 1053.7658
396.67 1060.7427
396.83 1067.7581
396.99 1074.8110
397.14 1081.9010
397.30 1089.0272
397.46 1096.1891
397.62 1103.3859
397.77 1110.6170
397.93 1117.8818
398.09 1125.1796
398.25 1132.5097
398.41 1139.8716
398.56 1147.2646
398.72 1154.6882
398.88 1162.1415
399.04 1169.6242
399.20 1177.1356
399.36 1184.6750
399.52 1192.2420
399.67 1199.8359
399.83 1207.4561
399.99 1215.1021
400.15 1222.7734
400.31 1230.4693
400.47 1238.1893
400.63 1245.9330
400.79 1253.6996
400.95 1261.4888
401.11 1269.3000
401.27 1277.1327
401.43 1284.9864
401.59 1292.8605
401.75 1300.7546
401.91 1308.6681
402.07 1316.6007
402.23 1324.5517
402.39 1332.5208
402.55 1340.5074
402.71 1348.5112
402.87 1356.5316
403.03 1364.5681
403.19 1372.6205
403.35 1380.6881
403.51 1388.7706
403.67 1396.8676
403.83 1404.9785
403.99 1413.1031
404.15 1421.2409
404.32 1429.3915
404.48 1437.5544
404.64 1445.7294
404.80 1453.9159
404.96 1462.1137
405.12 1470.3224
405.28 1478.5415
405.45 1486.7707
405.61 1495.0097
405.77 1503.2580
405.93 1511.5154
406.09 1519.7815
406.26 1528.0559
406.42 1536.3384
406.58 1544.6285
406.74 1552.9260
406.91 1561.2306
407.07 1569.5419
407.23 1577.8596
407.39 1586.1834
407.56 1594.5131
407.72 1602.8483
407.88 1611.1887
408.05 1619.5341
408.21 1627.8841
408.37 1636.2386
408.54 1644.5971
408.70 1652.9596
408.86 1661.3256
409.03 1669.6951
409.19 1678.0676
409.35 1686.4429
409.52 1694.8209
409.68 1703.2013
409.85 1711.5838
410.01 1719.9683
410.17 1728.3544
410.34 1736.7420
410.50 1745.1309
410.67 1753.5209
410.83 1761.9117
411.00 1770.3032
411.16 1778.6952
411.32 1787.0874
411.49 1795.4797
411.65 1803.8719
411.82 1812.2639
411.98 1820.6554
412.15 1829.0463
412.31 1837.4364
412.48 1845.8255
412.64 1854.2136
412.81 1862.6004
412.97 1870.9859
413.14 1879.3698
413.31 1887.7520
413.47 1896.1323
413.64 1904.5108
413.80 1912.8871
413.97 1921.2612
414.13 1929.6330
414.30 1938.0024
414.47 1946.3692
414.63 1954.7334
414.80 1963.0947
414.97 1971.4532
415.13 1979.8088
415.30 1988.1612
415.47 1996.5105
415.63 2004.8565
415.80 2013.1993
415.97 2021.5386
416.13 2029.8744
416.30 2038.2066
416.47 2046.5353
416.63 2054.8602
416.80 2063.1813
416.97 2071.4987
417.13 2079.8121
417.30 2088.1217
417.47 2096.4272
417.64 2104.7287
417.80 2113.0262
417.97 2121.3195
418.14 2129.6087
418.31 2137.8937
418.48 2146.1745
418.64 2154.4510
418.81 2162.7233
418.98 2170.9913
419.15 2179.2549
419.32 2187.5143
419.48 2195.7693
419.65 2204.0199
419.82 2212.2662
419.99 2220.5082
420.16 2228.7457
420.33 2236.9789
420.50 2245.2078
420.66 2253.4323
420.83 2261.6524
421.00 2269.8682
421.17 2278.0797
421.34 2286.2869
421.51 2294.4898
421.68 2302.6884
421.85 2310.8828
422.02 2319.0730
422.19 2327.2590
422.36 2335.4409
422.53 2343.6186
422.70 2351.7923
422.87 2359.9619
423.04 2368.1275
423.21 2376.2892
423.38 2384.4469
423.55 2392.6008
423.72 2400.7508
423.89 2408.8971
424.06 2417.0397
424.23 2425.1786
424.40 2433.3140
424.57 2441.4458
424.74 2449.5741
424.91 2457.6990
425.08 2465.8206
425.25 2473.9389
425.42 2482.0540
425.59 2490.1659
425.76 2498.2748
425.93 2506.3807
426.10 2514.4838
426.28 2522.5839
426.45 2530.6814
426.62 2538.7761
426.79 2546.8683
426.96 2554.9580
427.13 2563.0453
427.30 2571.1303
427.48 2579.2130
427.65 2587.2936
427.82 2595.3722
427.99 2603.4488
428.16 2611.5235
428.33 2619.5965
428.51 2627.6679
428.68 2635.7377
428.85 2643.8061
429.02 2651.8731
429.20 2659.9389
429.37 2668.0035
429.54 2676.0671
429.71 2684.1298
429.89 2692.1917
430.06 2700.2529
430.23 2708.3135
430.40 2716.3737
430.58 2724.4335
430.75 2732.4930
430.92 2740.5524
431.10 2748.6119
431.27 2756.6714
431.44 2764.7312
431.61 2772.7913
431.79 2780.8519
431.96 2788.9131
432.14 2796.9750
432.31 2805.0378
432.48 2813.1016
432.66 2821.1664
432.83 2829.2325
433.00 2837.2999
433.18 2845.3688
433.35 2853.4394
433.52 2861.5116
433.70 2869.5858
433.87 2877.6619
434.05 2885.7402
434.22 2893.8208
434.40 2901.9037
434.57 2909.9892
434.74 2918.0774
434.92 2926.1684
435.09 2934.2623
435.27 2942.3593
435.44 2950.4596
435.62 2958.5631
435.79 2966.6702
435.97 2974.7809
436.14 2982.8954
436.32 2991.0137
436.49 2999.1362
436.67 3007.2628
436.84 3015.3937
437.02 3023.5291
437.19 3031.6691
437.37 3039.8138
437.54 3047.9635
437.72 3056.1181
437.89 3064.2779
438.07 3072.4431
438.25 3080.6137
438.42 3088.7898
438.60 3096.9718
438.77 3105.1596
438.95 3113.3534
439.13 3121.5534
439.30 3129.7596
439.48 3137.9724
439.65 3146.1917
439.83 3154.4177
440.01 3162.6506
440.18 3170.8906
440.36 3179.1377
440.54 3187.3921
440.71 3195.6539
440.89 3203.9233
441.07 3212.2005
441.24 3220.4855
441.42 3228.7785
441.60 3237.0796
441.77 3245.3891
441.95 3253.7070
442.13 3262.0334
442.30 3270.3686
442.48 3278.7126
442.66 3287.0656
442.84 3295.4278
443.01 3303.7992
443.19 3312.1800
443.37 3320.5704
443.54 3328.9704
443.72 3337.3803
443.90 3345.8001
444.08 3354.2301
444.26 3362.6702
444.43 3371.1208
444.61 3379.5818
444.79 3388.0535
444.97 3396.5359
445.15 3405.0293
445.32 3413.5337
445.50 3422.0493
445.68 3430.5762
445.86 3439.1146
446.04 3447.6645
446.21 3456.2261
446.39 3464.7996
446.57 3473.3850
446.75 3481.9826
446.93 3490.5923
447.11 3499.2144
447.29 3507.8490
447.46 3516.4962
447.64 3525.1561
447.82 3533.8289
448.00 3542.5147
448.18 3551.2135
448.36 3559.9256
448.54 3568.6511
448.72 3577.3900
448.90 3586.1426
449.08 3594.9088
449.26 3603.6889
449.44 3612.4829
449.61 3621.2910
449.79 3630.1133
449.97 3638.9499
450.15 3647.8010
450.33 3656.6665
450.51 3665.5467
450.69 3674.4417
450.87 3683.3516
451.05 3692.2764
451.23 3701.2164
451.41 3710.1715
451.59 3719.1420
451.77 3728.1279
451.95 3737.1293
452.13 3746.1464
452.31 3755.1792
452.49 3764.2278
452.67 3773.2924
452.85 3782.3731
453.04 3791.4699
453.22 3800.5829
453.40 3809.7123
453.58 3818.8582
453.76 3828.0206
453.94 3837.1997
454.12 3846.3955
454.30 3855.6081
454.48 3864.8376
454.66 3874.0842
454.84 3883.3479
455.02 3892.6288
455.21 3901.9269
455.39 3911.2425
455.57 3920.5755
455.75 3929.9260
455.93 3939.2942
456.11 3948.6801
456.29 3958.0838
456.48 3967.5054
456.66 3976.9450
456.84 3986.4026
457.02 3995.8783
457.20 4005.3722
457.38 4014.8844
457.57 4024.4149
457.75 4033.9638
457.93 4043.5313
458.11 4053.1173
458.29 4062.7219
458.48 4072.3452
458.66 4081.9873
458.84 4091.6483
459.02 4101.3281
459.21 4111.0269
459.39 4120.7448
459.57 4130.4817
459.75 4140.2378
459.93 4150.0131
460.12 4159.8077
460.30 4169.6216
460.48 4179.4549
460.67 4189.3076
460.85 4199.1798
461.03 4209.0716
461.21 4218.9829
461.40 4228.9140
461.58 4238.8647
461.76 4248.8351
461.95 4258.8253
462.13 4268.8354
462.31 4278.8653
462.50 4288.9152
462.68 4298.9850
462.86 4309.0749
463.05 4319.1847
463.23 4329.3147
463.41 4339.4647
463.60 4349.6349
463.78 4359.8253
463.96 4370.0360
464.15 4380.2668
464.33 4390.5180
464.51 4400.7894
464.70 4411.0812
464.88 4421.3934
465.07 4431.7259
465.25 4442.0789
465.43 4452.4522
465.62 4462.8461
465.80 4473.2604
465.99 4483.6952
466.17 4494.1506
466.35 4504.6264
466.54 4515.1228
466.72 4525.6398
466.91 4536.1773
467.09 4546.7355
467.28 4557.3142
467.46 4567.9135
467.65 4578.5335
467.83 4589.1740
468.01 4599.8352
468.20 4610.5170
468.38 4621.2195
468.57 4631.9426
468.75 4642.6863
468.94 4653.4506
469.12 4664.2356
469.31 4675.0412
469.49 4685.8674
469.68 4696.7143
469.86 4707.5818
470.05 4718.4698
470.23 4729.3785
470.42 4740.3077
470.61 4751.2575
470.79 4762.2279
470.98 4773.2188
471.16 4784.2303
471.35 4795.2623
471.53 4806.3147
471.72 4817.3876
471.90 4828.4810
472.09 4839.5949
472.28 4850.7291
472.46 4861.8837
472.65 4873.0587
472.83 4884.2540
473.02 4895.4697
473.20 4906.7056
473.39 4917.9617
473.58 4929.2381
473.76 4940.5347
473.95 4951.8514
474.13 4963.1882
474.32 4974.5452
474.51 4985.9222
474.69 4997.3191
474.88 5008.7361
475.07 5020.1730
475.25 5031.6298
475.44 5043.1064
475.63 5054.6028
475.81 5066.1190
476.00 5077.6549
476.19 5089.2105
476.37 5100.7856
476.56 5112.3804
476.75 5123.9946
476.93 5135.6284
477.12 5147.2815
477.31 5158.9540
477.49 5170.6458
477.68 5182.3569
477.87 5194.0871
478.05 5205.8365
478.24 5217.6050
478.43 5229.3924
478.62 5241.1988
478.80 5253.0242
478.99 5264.8683
479.18 5276.7312
479.36 5288.6128
479.55 5300.5130
479.74 5312.4318
479.93 5324.3691
480.11 5336.3248
480.30 5348.2989
480.49 5360.2912
480.68 5372.3018
480.86 5384.3305
481.05 5396.3772
481.24 5408.4419
481.43 5420.5246
481.62 5432.6251
481.80 5444.7433
481.99 5456.8792
482.18 5469.0327
482.37 5481.2037
482.56 5493.3921
482.74 5505.5978
482.93 5517.8209
483.12 5530.0611
483.31 5542.3183
483.50 5554.5926
483.68 5566.8838
483.87 5579.1918
484.06 5591.5166
484.25 5603.8580
484.44 5616.2159
484.63 5628.5903
484.81 5640.9811
485.00 5653.3881
485.19 5665.8113
485.38 5678.2505
485.57 5690.7058
485.76 5703.1769
485.95 5715.6638
486.13 5728.1664
486.32 5740.6846
486.51 5753.2182
486.70 5765.7673
486.89 5778.3316
487.08 5790.9111
487.27 5803.5056
487.46 5816.1151
487.65 5828.7394
487.84 5841.3785
488.02 5854.0323
488.21 5866.7005
488.40 5879.3832
488.59 5892.0802
488.78 5904.7914
488.97 5917.5167
489.16 5930.2559
489.35 5943.0091
489.54 5955.7759
489.73 5968.5564
489.92 5981.3504
490.11 5994.1578
490.30 6006.9785
490.49 6019.8124
490.68 6032.6593
490.87 6045.5191
491.06 6058.3917
491.25 6071.2771
491.43 6084.1750
491.62 6097.0853
491.81 6110.0080
492.00 6122.9428
492.19 6135.8897
492.38 6148.8486
492.57 6161.8193
492.76 6174.8018
492.95 6187.7957
493.14 6200.8012
493.33 6213.8179
493.52 6226.8459
493.71 6239.8849
493.90 6252.9348
494.09 6265.9955
494.29 6279.0670
494.48 6292.1489
494.67 6305.2413
494.86 6318.3439
495.05 6331.4567
495.24 6344.5795
495.43 6357.7122
495.62 6370.8546
495.81 6384.0066
496.00 6397.1682
496.19 6410.3390
496.38 6423.5190
496.57 6436.7082
496.76 6449.9062
496.95 6463.1130
497.14 6476.3285
497.33 6489.5525
497.52 6502.7848
497.72 6516.0254
497.91 6529.2741
498.10 6542.5307
498.29 6555.7952
498.48 6569.0673
498.67 6582.3469
498.86 6595.6339
499.05 6608.9282
499.24 6622.2296
499.43 6635.5379
499.63 6648.8530
499.82 6662.1748
500.01 6675.5031
500.20 6688.8378
500.39 6702.1787
500.58 6715.5257
500.77 6728.8786
500.96 6742.2373
501.16 6755.6017
501.35 6768.9715
501.54 6782.3467
501.73 6795.7271
501.92 6809.1126
502.11 6822.5030
502.31 6835.8981
502.50 6849.2978
502.69 6862.7019
502.88 6876.1104
503.07 6889.5230
503.26 6902.9396
503.46 6916.3601
503.65 6929.7843
503.84 6943.2120
504.03 6956.6431
504.22 6970.0775
504.41 6983.5149
504.61 6996.9553
504.80 7010.3985
504.99 7023.8443
505.18 7037.2926
505.37 7050.7432
505.57 7064.1960
505.76 7077.6508
505.95 7091.1074
506.14 7104.5658
506.34 7118.0257
506.53 7131.4871
506.72 7144.9496
506.91 7158.4133
507.10 7171.8779
507.30 7185.3433
507.49 7198.8093
507.68 7212.2758
507.87 7225.7426
508.07 7239.2095
508.26 7252.6765
508.45 7266.1432
508.64 7279.6097
508.84 7293.0757
509.03 7306.5411
509.22 7320.0056
509.41 7333.4693
509.61 7346.9318
509.80 7360.3931
509.99 7373.8530
510.18 7387.3113
510.38 7400.7679
510.57 7414.2225
510.76 7427.6752
510.96 7441.1256
511.15 7454.5737
511.34 7468.0192
511.53 7481.4621
511.73 7494.9021
511.92 7508.3391
512.11 7521.7730
512.31 7535.2036
512.50 7548.6307
512.69 7562.0542
512.88 7575.4739
513.08 7588.8896
513.27 7602.3012
513.46 7615.7086
513.66 7629.1116
513.85 7642.5099
514.04 7655.9036
514.24 7669.2923
514.43 7682.6760
514.62 7696.0544
514.82 7709.4275
515.01 7722.7950
515.20 7736.1569
515.40 7749.5129
515.59 7762.8628
515.78 7776.2067
515.98 7789.5442
516.17 7802.8752
516.36 7816.1995
516.56 7829.5171
516.75 7842.8277
516.94 7856.1311
517.14 7869.4273
517.33 7882.7160
517.53 7895.9972
517.72 7909.2706
517.91 7922.5361
518.11 7935.7935
518.30 7949.0427
518.49 7962.2834
518.69 7975.5157
518.88 7988.7392
519.07 8001.9539
519.27 8015.1595
519.46 8028.3560
519.66 8041.5431
519.85 8054.7208
520.04 8067.8888
520.24 8081.0469
520.43 8094.1951
520.63 8107.3332
520.82 8120.4610
521.01 8133.5784
521.21 8146.6852
521.40 8159.7812
521.60 8172.8663
521.79 8185.9404
521.98 8199.0032
522.18 8212.0546
522.37 8225.0946
522.57 8238.1228
522.76 8251.1392
522.95 8264.1435
523.15 8277.1357
523.34 8290.1156
523.54 8303.0831
523.73 8316.0379
523.93 8328.9799
524.12 8341.9090
524.31 8354.8250
524.51 8367.7278
524.70 8380.6171
524.90 8393.4929
525.09 8406.3550
525.29 8419.2032
525.48 8432.0374
525.68 8444.8575
525.87 8457.6632
526.06 8470.4545
526.26 8483.2311
526.45 8495.9929
526.65 8508.7398
526.84 8521.4716
527.04 8534.1881
527.23 8546.8893
527.43 8559.5749
527.62 8572.2448
527.82 8584.8989
528.01 8597.5370
528.20 8610.1589
528.40 8622.7645
528.59 8635.3536
528.79 8647.9261
528.98 8660.4819
529.18 8673.0208
529.37 8685.5426
529.57 8698.0471
529.76 8710.5344
529.96 8723.0041
530.15 8735.4562
530.35 8747.8904
530.54 8760.3067
530.74 8772.7049
530.93 8785.0848
531.13 8797.4463
531.32 8809.7892
531.52 8822.1135
531.71 8834.4189
531.91 8846.7053
532.10 8858.9726
532.30 8871.2205
532.49 8883.4491
532.69 8895.6580
532.88 8907.8472
533.08 8920.0165
533.27 8932.1658
533.47 8944.2949
533.66 8956.4037
533.86 8968.4920
534.05 8980.5597
534.25 8992.6067
534.44 9004.6328
534.64 9016.6378
534.83 9028.6216
535.03 9040.5841
535.22 9052.5251
535.42 9064.4445
535.61 9076.3421
535.81 9088.2178
536.00 9100.0714
536.20 9111.9029
536.39 9123.7120
536.59 9135.4986
536.78 9147.2626
536.98 9159.0038
537.18 9170.7222
537.37 9182.4174
537.57 9194.0895
537.76 9205.7383
537.96 9217.3635
538.15 9228.9652
538.35 9240.5431
538.54 9252.0971
538.74 9263.6271
538.93 9275.1329
539.13 9286.6143
539.32 9298.0714
539.52 9309.5038
539.72 9320.9115
539.91 9332.2943
540.11 9343.6521
540.30 9354.9848
540.50 9366.2922
540.69 9377.5741
540.89 9388.8305
541.08 9400.0612
541.28 9411.2661
541.48 9422.4450
541.67 9433.5977
541.87 9444.7243
542.06 9455.8244
542.26 9466.8981
542.45 9477.9450
542.65 9488.9653
542.84 9499.9585
543.04 9510.9247
543.24 9521.8638
543.43 9532.7755
543.63 9543.6597
543.82 9554.5164
544.02 9565.3453
544.21 9576.1464
544.41 9586.9194
544.61 9597.6644
544.80 9608.3811
545.00 9619.0694
545.19 9629.7291
545.39 9640.3602
545.58 9650.9626
545.78 9661.5360
545.98 9672.0803
546.17 9682.5955
546.37 9693.0814
546.56 9703.5378
546.76 9713.9647
546.95 9724.3618
547.15 9734.7292
547.35 9745.0665
547.54 9755.3738
547.74 9765.6509
547.93 9775.8976
548.13 9786.1138
548.33 9796.2995
548.52 9806.4544
548.72 9816.5784
548.91 9826.6715
549.11 9836.7334
549.30 9846.7641
549.50 9856.7635
549.70 9866.7313
549.89 9876.6676
550.09 9886.5721
550.28 9896.4447
550.48 9906.2853
550.68 9916.0938
550.87 9925.8701
551.07 9935.6139
551.26 9945.3253
551.46 9955.0041
551.66 9964.6501
551.85 9974.2633
552.05 9983.8435
552.24 9993.3906
552.44 10002.9044
552.64 10012.3849
552.83 10021.8319
553.03 10031.2453
553.22 10040.6250
553.42 10049.9708
553.62 10059.2827
553.81 10068.5604
554.01 10077.8040
554.20 10087.0133
554.40 10096.1881
554.60 10105.3283
554.79 10114.4338
554.99 10123.5046
555.18 10132.5404
555.38 10141.5412
555.58 10150.5068
555.77 10159.4371
555.97 10168.3320
556.16 10177.1914
556.36 10186.0152
556.56 10194.8033
556.75 10203.5554
556.95 10212.2716
557.14 10220.9517
557.34 10229.5956
557.54 10238.2031
557.73 10246.7742
557.93 10255.3087
558.13 10263.8065
558.32 10272.2676
558.52 10280.6917
558.71 10289.0789
558.91 10297.4289
559.11 10305.7416
559.30 10314.0170
559.50 10322.2549
559.69 10330.4553
559.89 10338.6179
560.09 10346.7427
560.28 10354.8296
560.48 10362.8785
560.67 10370.8892
560.87 10378.8616
561.07 10386.7957
561.26 10394.6914
561.46 10402.5484
561.65 10410.3668
561.85 10418.1463
562.05 10425.8869
562.24 10433.5885
562.44 10441.2510
562.64 10448.8742
562.83 10456.4581
563.03 10464.0025
563.22 10471.5074
563.42 10478.9726
563.62 10486.3981
563.81 10493.7836
564.01 10501.1292
564.20 10508.4347
564.40 10515.7000
564.60 10522.9249
564.79 10530.1095
564.99 10537.2536
565.18 10544.3570
565.38 10551.4198
565.58 10558.4417
565.77 10565.4227
565.97 10572.3627
566.17 10579.2615
566.36 10586.1191
566.56 10592.9354
566.75 10599.7103
566.95 10606.4436
567.15 10613.1353
567.34 10619.7853
567.54 10626.3934
567.73 10632.9596
567.93 10639.4838
568.13 10645.9658
568.32 10652.4057
568.52 10658.8032
568.71 10665.1583
568.91 10671.4708
569.11 10677.7408
569.30 10683.9680
569.50 10690.1525
569.69 10696.2940
569.89 10702.3926
570.09 10708.4480
570.28 10714.4603
570.48 10720.4293
570.67 10726.3549
570.87 10732.2371
571.07 10738.0757
571.26 10743.8707
571.46 10749.6219
571.65 10755.3293
571.85 10760.9928
572.05 10766.6122
572.24 10772.1876
572.44 10777.7188
572.63 10783.2057
572.83 10788.6482
573.03 10794.0463
573.22 10799.3998
573.42 10804.7087
573.61 10809.9729
573.81 10815.1922
574.01 10820.3667
574.20 10825.4962
574.40 10830.5807
574.59 10835.6200
574.79 10840.6141
574.99 10845.5628
575.18 10850.4662
575.38 10855.3241
575.57 10860.1364
575.77 10864.9031
575.96 10869.6241
576.16 10874.2993
576.36 10878.9286
576.55 10883.5119
576.75 10888.0492
576.94 10892.5404
577.14 10896.9854
577.34 10901.3841
577.53 10905.7365
577.73 10910.0424
577.92 10914.3018
578.12 10918.5147
578.31 10922.6809
578.51 10926.8004
578.71 10930.8731
578.90 10934.8989
579.10 10938.8778
579.29 10942.8096
579.49 10946.6944
579.69 10950.5321
579.88 10954.3225
580.08 10958.0656
580.27 10961.7613
580.47 10965.4096
580.66 10969.0104
580.86 10972.5637
581.05 10976.0693
581.25 10979.5272
581.45 10982.9373
581.64 10986.2997
581.84 10989.6141
582.03 10992.8805
582.23 10996.0990
582.42 10999.2694
582.62 11002.3917
582.82 11005.4657
583.01 11008.4915
583.21 11011.4690
583.40 11014.3980
583.60 11017.2787
583.79 11020.1108
583.99 11022.8945
584.18 11025.6295
584.38 11028.3158
584.58 11030.9535
584.77 11033.5424
584.97 11036.0824
585.16 11038.5736
585.36 11041.0159
585.55 11043.4091
585.75 11045.7534
585.94 11048.0486
586.14 11050.2947
586.33 11052.4916
586.53 11054.6393
586.72 11056.7377
586.92 11058.7868
587.12 11060.7866
587.31 11062.7370
587.51 11064.6379
587.70 11066.4894
587.90 11068.2913
588.09 11070.0437
588.29 11071.7465
588.48 11073.3997
588.68 11075.0031
588.87 11076.5569
589.07 11078.0609
589.26 11079.5151
589.46 11080.9195
589.65 11082.2740
589.85 11083.5787
590.04 11084.8334
590.24 11086.0382
590.43 11087.1930
590.63 11088.2978
590.82 11089.3525
591.02 11090.3572
591.21 11091.3118
591.41 11092.2163
591.60 11093.0706
591.80 11093.8748
591.99 11094.6288
592.19 11095.3325
592.38 11095.9860
592.58 11096.5893
592.77 11097.1423
592.97 11097.6450
593.16 11098.0974
593.36 11098.4995
593.55 11098.8512
593.75 11099.1526
593.94 11099.4036
594.14 11099.6042
594.33 11099.7544
594.53 11099.8543
594.72 11099.9037
594.92 11099.9027
595.11 11099.8512
595.31 11099.7494
595.50 11099.5971
595.70 11099.3943
595.89 11099.1411
596.09 11098.8375
596.28 11098.4834
596.48 11098.0788
596.67 11097.6238
596.87 11097.1184
597.06 11096.5625
597.25 11095.9562
597.45 11095.2994
597.64 11094.5922
597.84 11093.8346
598.03 11093.0266
598.23 11092.1681
598.42 11091.2593
598.62 11090.3001
598.81 11089.2906
599.00 11088.2307
599.20 11087.1204
599.39 11085.9599
599.59 11084.7490
599.78 11083.4879
599.98 11082.1765
600.17 11080.8148
600.37 11079.4030
600.56 11077.9409
600.75 11076.4287
600.95 11074.8663
601.14 11073.2538
601.34 11071.5913
601.53 11069.8787
601.72 11068.1160
601.92 11066.3034
602.11 11064.4408
602.31 11062.5283
602.50 11060.5659
602.70 11058.5536
602.89 11056.4915
603.08 11054.3797
603.28 11052.2181
603.47 11050.0068
603.67 11047.7459
603.86 11045.4354
604.05 11043.0753
604.25 11040.6657
604.44 11038.2067
604.63 11035.6983
604.83 11033.1404
605.02 11030.5333
605.22 11027.8770
605.41 11025.1714
605.60 11022.4167
605.80 11019.6129
605.99 11016.7602
606.18 11013.8584
606.38 11010.9077
606.57 11007.9082
606.77 11004.8600
606.96 11001.7630
607.15 10998.6174
607.35 10995.4232
607.54 10992.1806
607.73 10988.8895
607.93 10985.5500
608.12 10982.1623
608.31 10978.7264
608.51 10975.2423
608.70 10971.7102
608.89 10968.1302
609.09 10964.5022
609.28 10960.8265
609.47 10957.1030
609.67 10953.3319
609.86 10949.5132
610.05 10945.6471
610.25 10941.7336
610.44 10937.7729
610.63 10933.7649
610.83 10929.7099
611.02 10925.6079
611.21 10921.4590
611.41 10917.2633
611.60 10913.0209
611.79 10908.7319
611.99 10904.3964
612.18 10900.0145
612.37 10895.5863
612.56 10891.1120
612.76 10886.5916
612.95 10882.0252
613.14 10877.4130
613.34 10872.7550
613.53 10868.0515
613.72 10863.3024
613.91 10858.5080
614.11 10853.6683
614.30 10848.7835
614.49 10843.8536
614.69 10838.8788
614.88 10833.8593
615.07 10828.7951
615.26 10823.6865
615.46 10818.5334
615.65 10813.3361
615.84 10808.0946
616.03 10802.8092
616.23 10797.4799
616.42 10792.1069
616.61 10786.6903
616.80 10781.2303
616.99 10775.7270
617.19 10770.1806
617.38 10764.5911
617.57 10758.9588
617.76 10753.2837
617.96 10747.5661
618.15 10741.8061
618.34 10736.0039
618.53 10730.1595
618.72 10724.2732
618.92 10718.3451
619.11 10712.3753
619.30 10706.3641
619.49 10700.3116
619.69 10694.2179
619.88 10688.0832
620.07 10681.9077
620.26 10675.6916
620.45 10669.4350
620.64 10663.1380
620.84 10656.8010
621.03 10650.4239
621.22 10644.0070
621.41 10637.5506
621.60 10631.0547
621.79 10624.5196
621.99 10617.9453
622.18 10611.3322
622.37 10604.6804
622.56 10597.9900
622.75 10591.2613
622.94 10584.4944
623.14 10577.6896
623.33 10570.8470
623.52 10563.9669
623.71 10557.0493
623.90 10550.0946
624.09 10543.1028
624.28 10536.0743
624.47 10529.0092
624.67 10521.9077
624.86 10514.7700
625.05 10507.5963
625.24 10500.3869
625.43 10493.1419
625.62 10485.8615
625.81 10478.5459
626.00 10471.1954
626.19 10463.8102
626.39 10456.3905
626.58 10448.9365
626.77 10441.4483
626.96 10433.9264
627.15 10426.3707
627.34 10418.7817
627.53 10411.1595
627.72 10403.5042
627.91 10395.8163
628.10 10388.0958
628.29 10380.3430
628.48 10372.5581
628.67 10364.7414
628.86 10356.8931
629.06 10349.0134
629.25 10341.1026
629.44 10333.1608
629.63 10325.1884
629.82 10317.1856
630.01 10309.1526
630.20 10301.0896
630.39 10292.9969
630.58 10284.8748
630.77 10276.7234
630.96 10268.5430
631.15 10260.3340
631.34 10252.0964
631.53 10243.8306
631.72 10235.5368
631.91 10227.2154
632.10 10218.8664
632.29 10210.4902
632.48 10202.0870
632.67 10193.6571
632.86 10185.2008
633.05 10176.7182
633.24 10168.2097
633.43 10159.6756
633.62 10151.1160
633.81 10142.5313
634.00 10133.9216
634.19 10125.2874
634.37 10116.6287
634.56 10107.9460
634.75 10099.2395
634.94 10090.5094
635.13 10081.7559
635.32 10072.9795
635.51 10064.1803
635.70 10055.3587
635.89 10046.5148
636.08 10037.6490
636.27 10028.7615
636.46 10019.8527
636.65 10010.9227
636.84 10001.9720
637.02 9993.0006
637.21 9984.0090
637.40 9974.9974
637.59 9965.9661
637.78 9956.9154
637.97 9947.8455
638.16 9938.7567
638.35 9929.6493
638.54 9920.5237
638.72 9911.3800
638.91 9902.2186
639.10 9893.0397
639.29 9883.8437
639.48 9874.6308
639.67 9865.4013
639.86 9856.1555
640.04 9846.8937
640.23 9837.6162
640.42 9828.3232
640.61 9819.0151
640.80 9809.6922
640.99 9800.3546
641.17 9791.0028
641.36 9781.6370
641.55 9772.2576
641.74 9762.8647
641.93 9753.4587
642.11 9744.0400
642.30 9734.6086
642.49 9725.1651
642.68 9715.7096
642.87 9706.2425
643.05 9696.7640
643.24 9687.2745
643.43 9677.7742
643.62 9668.2635
643.80 9658.7426
643.99 9649.2117
644.18 9639.6714
644.37 9630.1217
644.55 9620.5630
644.74 9610.9957
644.93 9601.4199
645.12 9591.8360
645.30 9582.2443
645.49 9572.6450
645.68 9563.0386
645.87 9553.4252
646.05 9543.8051
646.24 9534.1787
646.43 9524.5462
646.61 9514.9080
646.80 9505.2642
646.99 9495.6153
647.17 9485.9615
647.36 9476.3031
647.55 9466.6404
647.73 9456.9736
647.92 9447.3031
648.11 9437.6292
648.29 9427.9521
648.48 9418.2721
648.67 9408.5896
648.85 9398.9047
649.04 9389.2179
649.23 9379.5293
649.41 9369.8393
649.60 9360.1480
649.79 9350.4560
649.97 9340.7633
650.16 9331.0703
650.35 9321.3773
650.53 9311.6845
650.72 9301.9922
650.90 9292.3008
651.09 9282.6104
651.28 9272.9213
651.46 9263.2339
651.65 9253.5483
651.83 9243.8650
652.02 9234.1840
652.20 9224.5058
652.39 9214.8305
652.58 9205.1585
652.76 9195.4900
652.95 9185.8252
653.13 9176.1645
653.32 9166.5080
653.50 9156.8561
653.69 9147.2090
653.87 9137.5669
654.06 9127.9302
654.24 9118.2990
654.43 9108.6737
654.61 9099.0544
654.80 9089.4414
654.98 9079.8350
655.17 9070.2354
655.35 9060.6428
655.54 9051.0575
655.72 9041.4797
655.91 9031.9097
656.09 9022.3477
656.28 9012.7939
656.46 9003.2485
656.65 8993.7119
656.83 8984.1841
657.02 8974.6655
657.20 8965.1562
657.39 8955.6565
657.57 8946.1665
657.76 8936.6866
657.94 8927.2168
658.12 8917.7575
658.31 8908.3088
658.49 8898.8709
658.68 8889.4441
658.86 8880.0285
659.04 8870.6243
659.23 8861.2317
659.41 8851.8509
659.60 8842.4821
659.78 8833.1255
659.96 8823.7812
660.15 8814.4495
660.33 8805.1305
660.51 8795.8243
660.70 8786.5312
660.88 8777.2513
661.07 8767.9848
661.25 8758.7318
661.43 8749.4925
661.62 8740.2671
661.80 8731.0557
661.98 8721.8583
662.17 8712.6753
662.35 8703.5067
662.53 8694.3526
662.71 8685.2132
662.90 8676.0886
663.08 8666.9790
663.26 8657.8844
663.45 8648.8050
663.63 8639.7409
663.81 8630.6921
663.99 8621.6589
664.18 8612.6412
664.36 8603.6393
664.54 8594.6531
664.72 8585.6827
664.91 8576.7284
665.09 8567.7901
665.27 8558.8678
665.45 8549.9618
665.64 8541.0720
665.82 8532.1985
666.00 8523.3413
666.18 8514.5006
666.36 8505.6763
666.55 8496.8685
666.73 8488.0773
666.91 8479.3026
667.09 8470.5445
667.27 8461.8031
667.46 8453.0782
667.64 8444.3701
667.82 8435.6785
668.00 8427.0037
668.18 8418.3455
668.36 8409.7040
668.55 8401.0791
668.73 8392.4708
668.91 8383.8790
669.09 8375.3039
669.27 8366.7453
669.45 8358.2032
669.63 8349.6775
669.81 8341.1682
669.99 8332.6752
670.18 8324.1985
670.36 8315.7380
670.54 8307.2936
670.72 8298.8652
670.90 8290.4527
671.08 8282.0562
671.26 8273.6753
671.44 8265.3101
671.62 8256.9604
671.80 8248.6262
671.98 8240.3072
672.16 8232.0034
672.34 8223.7146
672.52 8215.4406
672.70 8207.1814
672.88 8198.9366
673.06 8190.7063
673.24 8182.4902
673.42 8174.2881
673.60 8166.0999
673.78 8157.9253
673.96 8149.7641
674.14 8141.6162
674.32 8133.4813
674.50 8125.3592
674.68 8117.2496
674.86 8109.1524
675.04 8101.0673
675.22 8092.9939
675.40 8084.9322
675.58 8076.8817
675.76 8068.8423
675.94 8060.8136
676.12 8052.7953
676.29 8044.7872
676.47 8036.7889
676.65 8028.8001
676.83 8020.8206
677.01 8012.8498
677.19 8004.8876
677.37 7996.9336
677.55 7988.9873
677.72 7981.0485
677.90 7973.1168
678.08 7965.1918
678.26 7957.2730
678.44 7949.3602
678.62 7941.4527
678.79 7933.5504
678.97 7925.6527
679.15 7917.7592
679.33 7909.8695
679.51 7901.9830
679.68 7894.0994
679.86 7886.2181
680.04 7878.3387
680.22 7870.4607
680.40 7862.5835
680.57 7854.7067
680.75 7846.8298
680.93 7838.9522
681.11 7831.0734
681.28 7823.1927
681.46 7815.3098
681.64 7807.4239
681.82 7799.5345
681.99 7791.6411
682.17 7783.7430
682.35 7775.8395
682.52 7767.9302
682.70 7760.0143
682.88 7752.0913
683.05 7744.1604
683.23 7736.2210
683.41 7728.2724
683.58 7720.3140
683.76 7712.3450
683.94 7704.3648
684.11 7696.3725
684.29 7688.3676
684.47 7680.3492
684.64 7672.3166
684.82 7664.2691
685.00 7656.2058
685.17 7648.1260
685.35 7640.0290
685.52 7631.9137
685.70 7623.7796
685.87 7615.6257
686.05 7607.4512
686.23 7599.2552
686.40 7591.0368
686.58 7582.7953
686.75 7574.5298
686.93 7566.2391
687.10 7557.9226
687.28 7549.5793
687.45 7541.2082
687.63 7532.8083
687.80 7524.3788
687.98 7515.9186
688.15 7507.4267
688.33 7498.9023
688.50 7490.3441
688.68 7481.7512
688.85 7473.1227
689.03 7464.4574
689.20 7455.7542
689.38 7447.0121
689.55 7438.2300
689.73 7429.4068
689.90 7420.5413
690.08 7411.6325
690.25 7402.6792
690.42 7393.6802
690.60 7384.6344
690.77 7375.5406
690.95 7366.3975
691.12 7357.2041
691.29 7347.9590
691.47 7338.6610
691.64 7329.3089
691.82 7319.9013
691.99 7310.4371
692.16 7300.9149
692.34 7291.3334
692.51 7281.6913
692.68 7271.9873
692.86 7262.2199
693.03 7252.3879
693.20 7242.4898
693.38 7232.5243
693.55 7222.4899
693.72 7212.3852
693.89 7202.2088
694.07 7191.9592
694.24 7181.6350
694.41 7171.2346
694.58 7160.7566
694.76 7150.1995
694.93 7139.5617
695.10 7128.8416
695.27 7118.0378
695.45 7107.1486
695.62 7096.1725
695.79 7085.1078
695.96 7073.9529
696.14 7062.7062
696.31 7051.3659
696.48 7039.9306
696.65 7028.3985
696.82 7016.7678
696.99 7005.0368
697.17 6993.2038
697.34 6981.2671
697.51 6969.2250
697.68 6957.0755
697.85 6944.8170
698.02 6932.4475
698.19 6919.9652
698.36 6907.3685
698.54 6894.6552
698.71 6881.8237
698.88 6868.8719
699.05 6855.7980
699.22 6842.6000
699.39 6829.2759
699.56 6815.8239
699.73 6802.2419
699.90 6788.5279
700.07 6774.6799
700.24 6760.6959
700.41 6746.5739
700.58 6732.3116
700.75 6717.9072
700.92 6703.3584
701.09 6688.6631
701.26 6673.8192
701.43 6658.8246
701.60 6643.6771
701.77 6628.3744
701.94 6612.9144
702.11 6597.2948
702.28 6581.5134
702.45 6565.5679
702.62 6549.4561
702.79 6533.1756
702.96 6516.7242
703.13 6500.0994
703.30 6483.2990
703.47 6466.3205
703.63 6449.1616
703.80 6431.8198
703.97 6414.2927
704.14 6396.5780
704.31 6378.6730
704.48 6360.5755
704.65 6342.2827
704.81 6323.7921
704.98 6305.1014
705.15 6286.2079
705.32 6267.1090
705.49 6247.8021
705.66 6228.2846
705.82 6208.5539
705.99 6188.6072
706.16 6168.4421
706.33 6148.0556
706.49 6127.4452
706.66 6106.6081
706.83 6085.5416
707.00 6064.2428
707.16 6042.7089
707.33 6020.9373
707.50 5998.9250
707.67 5976.6691
707.83 5954.1669
708.00 5931.4154
708.17 5908.4117
708.33 5885.1529
708.50 5861.6361
708.67 5837.8582
708.83 5813.8163
709.00 5789.5073
709.17 5764.9283
709.33 5740.0762
709.50 5714.9478
709.67 5689.5403
709.83 5663.8503
710.00 5637.8748
